id,name,type,description,image_url,video_url
0001,小雲,水漣宗師妹,師兄一個人嗎? 要不要跟我去旁邊坐一下,assets/Images/0001.png,assets/Videos/0001.mp4
0002,馮提莫,村花,大哥你靠近一點，我有些話只想告訴你,assets/Images/0002.png,assets/Videos/0002.mp4
0003,林襄,城主之女,我才不管你喜不喜歡，本小姐早就已經賴定你了！,assets/Images/0003.png,assets/Videos/0003.mp4
0004,口水格格,小殭屍,暫無,assets/Images/0004.png,
0005,黃霄雲,人魚公主,暫無,assets/Images/0005.png,
0006,狗頭蘿莉,朝花晚藝娘,暫無,assets/Images/0006.png,
0007,小櫻波,朝花晚藝娘,暫無,assets/Images/0007.png,
0008,王六堡,天嬌小師妹,暫無,assets/Images/0008.png,
0009,王依渟,花見樓・月扇舞姬,暫無,assets/Images/0009.png,
0010,失眠熊,靈蜜釀師,暫無,assets/Images/0010.png,
0011,丫丫,純慾魅魔,暫無,assets/Images/0011.png,
0012,Akase Akari,仙城富商家千金,暫無,assets/Images/0012.png,
0013,大森莉緒,靈音報幕使,暫無,assets/Images/0013.png,
0014,小水,瑤池醫館・靈泉醫師,暫無,assets/Images/0014.png,
0015,赤鬼伯伯,幻戲院・情緒試演師,暫無,assets/Images/0015.png,
0016,三上悠亞,合歡宗幻音殿首席弟子,暫無,assets/Images/0016.png,
0017,西宮夢,合歡宗外務接引使,暫無,assets/Images/0017.png,
0018,明日花綺羅,靈浴坊掌櫃娘,暫無,assets/Images/0018.png,
0019,蒼井空,魅影閣・幻夢使,暫無,assets/Images/0019.png,
0020,紗倉真菜,合歡宗藏經閣弟子,暫無,assets/Images/0020.png,
0021,深田詠美,合歡宗靈藥師,暫無,assets/Images/0021.png,
0022,楓可憐,夜市靈貓舞伶,暫無,assets/Images/0022.png,
0023,橋本有菜,合歡宗魅心殿親傳弟子,暫無,assets/Images/0023.png,
0024,牙牙,紅線騙徒,暫無,assets/Images/0024.png,
0025,小樂,鎮上靈藥鋪的小掌櫃,暫無,assets/Images/0025.png,
0026,宋雨琦,天光採集師,暫無,assets/Images/0026.png,
0027,林明禎,貴族之女（妹妹）,暫無,assets/Images/0027.png,
0028,林采臻,聽潮宮・月汐使,暫無,assets/Images/0028.png,
0029,哈耿,煉器閣之女,暫無,assets/Images/0029.png,
0030,橘子,守墓殭屍女王,暫無,assets/Images/0030.png,
0031,小花姊姊,紅綾鎮節慶姬,暫無,assets/Images/0031.png,
0032,戶田惠梨香,哥德小惡魔,暫無,assets/Images/0032.png,
0033,代斯,忘川客棧・夜行掌燈人,暫無,assets/Images/0033.png,
0034,吉尼丁,梨園戲班首席花旦,暫無,assets/Images/0034.png,
0035,我不叫龍蝦,喜嫁司掌事,暫無,assets/Images/0035.png,
0036,林嘉欣,萬象城「聽風樓」掌櫃,暫無,assets/Images/0036.png,
0037,姜雨柔,靈獸馴養師,暫無,assets/Images/0037.png,
0038,柳岩,水漣宗師娘,暫無,assets/Images/0038.png,
0039,澤村光彩,龍門鏢局・女鏢頭,暫無,assets/Images/0039.png,
0040,楓葉姐姐,天凰女帝,暫無,assets/Images/0040.png,
0041,嗶嗶啵啵璇,影戲控弦師,暫無,assets/Images/0041.png,
0042,凌晨,占卜師,暫無,assets/Images/0042.png,
0043,姬如月,夜行引燈師,暫無,assets/Images/0043.png,
0044,魚閃閃,百寶閣掌櫃,暫無,assets/Images/0044.png,
0045,孫淑媚,靈音宮・巡遊歌姬,暫無,assets/Images/0045.png,
0046,夏于喬,靈界禮儀教習,暫無,assets/Images/0046.png,
0047,李心潔,玄風鏢局的年輕女鏢師,暫無,assets/Images/0047.png,
0048,泫雅,靈紋繪師,暫無,assets/Images/0048.png,
0049,上戶彩,靈舟渡口引路姑娘,暫無,assets/Images/0049.png,